{"accuracy": [0.5733973383903503, 0.8269258141517639, 0.8840944766998291, 0.9157914519309998, 0.9403126835823059, 0.9491992592811584, 0.9601292610168457, 0.9669248461723328, 0.9709641933441162, 0.9743857979774475, 0.977759838104248, 0.9797557592391968, 0.9836050271987915, 0.9817516803741455, 0.9858385324478149, 0.9865988492965698, 0.9863612651824951, 0.9887373447418213, 0.9860286116600037, 0.9897828102111816, 0.9891175031661987, 0.9912559986114502, 0.9894501566886902, 0.9899253845214844, 0.9924440383911133, 0.9914935827255249, 0.9916361570358276, 0.9924915432929993, 0.9919213056564331, 0.992634117603302, 0.994392454624176, 0.9903531074523926, 0.9927291870117188, 0.9929667711257935, 0.9971486926078796, 0.9931568503379822, 0.9919213056564331, 0.9941073060035706, 0.9947251081466675, 0.9919213056564331, 0.9958655834197998, 0.9948201179504395, 0.9950101971626282, 0.9957705736160278, 0.9937746524810791, 0.9956755042076111, 0.9956279993057251, 0.9965784549713135, 0.9934419989585876, 0.9945825338363647], "loss": [1.1976728439331055, 0.4979594349861145, 0.3372395932674408, 0.2510788142681122, 0.17038020491600037, 0.14975035190582275, 0.11933248490095139, 0.097405344247818, 0.08452888578176498, 0.07376855611801147, 0.0643916130065918, 0.06241452321410179, 0.05067013204097748, 0.05609768629074097, 0.046201206743717194, 0.04030933976173401, 0.042579859495162964, 0.035798050463199615, 0.04513765871524811, 0.030394187197089195, 0.03469925373792648, 0.027035539969801903, 0.03484903648495674, 0.031154466792941093, 0.02650449424982071, 0.02726147696375847, 0.025419823825359344, 0.02463485673069954, 0.027847304940223694, 0.024057352915406227, 0.01882975921034813, 0.03028746508061886, 0.022782351821660995, 0.023018352687358856, 0.009538275189697742, 0.021735604852437973, 0.027588307857513428, 0.020328640937805176, 0.016264794394373894, 0.026129381731152534, 0.01380977500230074, 0.016708888113498688, 0.015768136829137802, 0.015050942078232765, 0.021976538002490997, 0.013256284408271313, 0.017140191048383713, 0.012914690189063549, 0.0218911524862051, 0.01662738062441349], "val_accuracy": [0.8049450516700745, 0.8961538672447205, 0.9071428775787354, 0.9265567660331726, 0.9331501722335815, 0.9362637400627136, 0.9470695853233337, 0.9542124271392822, 0.9338827729225159, 0.9505494236946106, 0.973992645740509, 0.9745421409606934, 0.9679487347602844, 0.9677655696868896, 0.9666666388511658, 0.934798538684845, 0.9558607935905457, 0.9807692170143127, 0.9701465368270874, 0.971794843673706, 0.9758241772651672, 0.978205144405365, 0.980402946472168, 0.9785714149475098, 0.9688644409179688, 0.9763736128807068, 0.9840659499168396, 0.9741758108139038, 0.9815018177032471, 0.973809540271759, 0.9747252464294434, 0.9661172032356262, 0.9483516216278076, 0.9847985506057739, 0.9798534512519836, 0.9798534512519836, 0.9620879292488098, 0.9648351669311523, 0.9824175834655762, 0.9835164546966553, 0.9813186526298523, 0.9813186526298523, 0.9679487347602844, 0.9824175834655762, 0.973992645740509, 0.9756410121917725, 0.9860805869102478, 0.9844322204589844, 0.9694139361381531, 0.9714285731315613], "val_loss": [0.5440884828567505, 0.32436156272888184, 0.27180159091949463, 0.21150566637516022, 0.2038940191268921, 0.18224965035915375, 0.16911844909191132, 0.1431475728750229, 0.2724936008453369, 0.16411443054676056, 0.09049230813980103, 0.09093277156352997, 0.11113893985748291, 0.11287236958742142, 0.11492408066987991, 0.25218862295150757, 0.16751040518283844, 0.07663651555776596, 0.11265040934085846, 0.11609512567520142, 0.07856781780719757, 0.07531806826591492, 0.08315300941467285, 0.08328787237405777, 0.12623924016952515, 0.08440519124269485, 0.06906405091285706, 0.11641573160886765, 0.08384847640991211, 0.09883341193199158, 0.11688403785228729, 0.1313907951116562, 0.2875528633594513, 0.0649440810084343, 0.0779370665550232, 0.08585245162248611, 0.15884974598884583, 0.1270536482334137, 0.07482347637414932, 0.0701073408126831, 0.09778012335300446, 0.0866319015622139, 0.15994875133037567, 0.08630719035863876, 0.11664737015962601, 0.09657616168260574, 0.06892655789852142, 0.07138322293758392, 0.11614198982715607, 0.11154831945896149]}